strain	date	furin_cleavage_motif	country	host	division	region	cleavage_site_sequence	accession
A/guineafowl/Washington/24-030328-001/2024	2024-10-15	present	United States	Avian	Washington	North America	RRKR	
A/guineafowl/Washington/24-030328-002/2024	2024-10-15	present	United States	Avian	Washington	North America	RRKR	
A/chicken/Oregon/24-030904-002/2024	2024-10-21	present	United States	Chicken	Oregon	North America	RRKR	
A/chicken/Oregon/24-030904-001/2024	2024-10-21	present	United States	Chicken	Oregon	North America	RRKR	
A/Washington/251/2024	2024-10-24	present	United States	Human	Washington	North America	RRKR	
A/Washington/252/2024	2024-10-24	present	United States	Human	Washington	North America	RRKR	
A/Washington/253/2024	2024-10-24	present	United States	Human	Washington	North America	RRKR	
A/Washington/255/2024	2024-10-29	present	United States	Human	Washington	North America	RRKR	
A/Washington/UW32495/2024	2024-10-18	present	United States	Human	Washington	North America	RRKR	
A/chicken/Washington/W242850087-1/2024	2024-10-11	present	United States	Chicken	Washington	North America	RRKR	
A/chicken/Washington/24-030039-002/2024	2024-10-11	present	United States	Chicken	Washington	North America	RRKR	
A/chicken/Washington/24-030039-001/2024	2024-10-11	present	United States	Chicken	Washington	North America	RRKR	
A/chicken/Washington/W242850087-2/2024	2024-10-11	present	United States	Chicken	Washington	North America	RRKR	
A/chicken/Oregon/24-037945-001/2024	2024-12-10	present	United States	Chicken	Oregon	North America	RRKR	
A/chicken/Oregon/24-037945-002/2024	2024-12-10	present	United States	Chicken	Oregon	North America	RRKR	
A/chicken/Oregon/24-035148-001/2024	2024-11-18	present	United States	Chicken	Oregon	North America	RRKR	
A/chicken/Oregon/24-035148-002/2024	2024-11-18	present	United States	Chicken	Oregon	North America	RRKR	
A/Washington/254/2024	2024-10-23	present	United States	Human	Washington	North America	RRKR	
A/Washington/247/2024	2024-10-18	present	United States	Human	Washington	North America	RRKR	
A/Washington/239/2024	2024-10-18	present	United States	Human	Washington	North America	RRKR	
A/chicken/Washington/24-031352-001/2024	2024-10-21	present	United States	Chicken	Washington	North America	RRKR	
A/chicken/Washington/24-031352-002/2024	2024-10-21	present	United States	Chicken	Washington	North America	RRKR	
A/chicken/Washington/24-031352-003/2024	2024-10-21	present	United States	Chicken	Washington	North America	RRKR	
A/duck/Oregon/24-037944-001/2024	2024-11-26	present	United States	Duck	Oregon	North America	RRKR	
A/chicken/Washington/24-034062-001/2024	2024-11-13	present	United States	Chicken	Washington	North America	RRKR	
A/goose/Washington/24-033829-001/2024	2024-11-12	present	United States	Goose	Washington	North America	RRKR	
A/duck/Oregon/24-031478-003X/2024	2024-10-22	present	United States	Duck	Oregon	North America	RRKR	
A/duck/Oregon/24-031478-003/2024	2024-10-22	present	United States	Duck	Oregon	North America	RRKR	
A/peafowl/Oregon/24-031478-001/2024	2024-10-22	present	United States	Avian	Oregon	North America	RRKR	
A/swine/Oregon/24-031264-004/2024	2024-10-22	present	United States	Swine	Oregon	North America	RRKR	
A/goose/Oregon/24-031478-002/2024	2024-10-22	present	United States	Goose	Oregon	North America	RRKR	
A/goose/Oregon/24-031478-002X/2024	2024-10-22	present	United States	Goose	Oregon	North America	RRKR	